<?xml version="1.0" encoding="UTF-8"?>
<addon id="plugin.video.release24"
version="1.1.0"
name="Release24"
provider-name="piotrekcrash">
<requires>
  <import addon="xbmc.python" version="2.24.0"/>
  <import addon="script.module.requests"/>
  <import addon="script.module.beautifulsoup4"/>
  <import addon="plugin.video.youtube" optional="true" />
  <import addon="plugin.video.fanfilm" optional="true" />
</requires>
<extension point="xbmc.python.pluginsource" library="main.py">
  <provides>video</provides>
</extension>
<extension point="xbmc.addon.metadata">
  <summary lang="en">Release24 Kodi Video Plugin</summary>
  <description lang="en">Addon</description>
  <disclaimer lang="en">Plugin</disclaimer>
  <assets>
    <icon>icon.png</icon>
    <fanart>fanart.jpg</fanart>
    <screenshot>resources\screenshot-01.jpg</screenshot>
    <screenshot>resources\screenshot-02.jpg</screenshot>
  </assets>
  <news>Updated with latest artwork metadata</news>
</extension>
</addon>
